/*
 * Seed data for The Sims 4 expansion, stuff, game, and kit packs, ordered by release date
 */
insert into
  sims4.packs (code, type, name, release_date, icon)
values
  ('BASE', 'Base Game',      'Base Game',                   '2014-09-02', 'icon_pack_base_64.png'),
  ('FP01', 'Free Pack',      'Holiday Celebration Pack',    '2014-12-16', 'icon_pack_fp01_64.png'),
  ('GP01', 'Game Pack',      'Outdoor Retreat',             '2015-01-13', 'icon_pack_gp01_64.png'),
  ('EP01', 'Expansion Pack', 'Get to Work',                 '2015-03-31', 'icon_pack_ep01_64.png'),
  ('SP01', 'Stuff Pack',     'Luxury Party',                '2015-05-19', 'icon_pack_sp01_64.png'),
  ('SP02', 'Stuff Pack',     'Perfect Patio',               '2015-06-16', 'icon_pack_sp02_64.png'),
  ('GP02', 'Game Pack',      'Spa Day',                     '2015-07-14', 'icon_pack_gp02_64.png'),
  ('SP03', 'Stuff Pack',     'Cool Kitchen',                '2015-08-11', 'icon_pack_sp03_64.png'),
  ('SP04', 'Stuff Pack',     'Spooky',                      '2015-09-29', 'icon_pack_sp04_64.png'),
  ('EP02', 'Expansion Pack', 'Get Together',                '2015-12-08', 'icon_pack_ep02_64.png'),
  ('SP05', 'Stuff Pack',     'Movie Hangout',               '2016-01-12', 'icon_pack_sp05_64.png'),
  ('SP06', 'Stuff Pack',     'Romantic Garden',             '2016-02-09', 'icon_pack_sp06_64.png'),
  ('GP03', 'Game Pack',      'Dine Out',                    '2016-06-07', 'icon_pack_gp03_64.png'),
  ('SP07', 'Stuff Pack',     'Kids Room',                   '2016-06-28', 'icon_pack_sp07_64.png'),
  ('SP08', 'Stuff Pack',     'Backyard',                    '2016-07-19', 'icon_pack_sp08_64.png'),
  ('EP03', 'Expansion Pack', 'City Living',                 '2016-11-01', 'icon_pack_ep03_64.png'),
  ('SP09', 'Stuff Pack',     'Vintage Glamour',             '2016-12-06', 'icon_pack_sp09_64.png'),
  ('GP04', 'Game Pack',      'Vampires',                    '2017-01-24', 'icon_pack_gp04_64.png'),
  ('SP10', 'Stuff Pack',     'Bowling Night',               '2017-03-29', 'icon_pack_sp10_64.png'),
  ('GP05', 'Game Pack',      'Parenthood',                  '2017-05-30', 'icon_pack_gp05_64.png'),
  ('SP11', 'Stuff Pack',     'Fitness',                     '2017-06-20', 'icon_pack_sp11_64.png'),
  ('SP12', 'Stuff Pack',     'Toddler',                     '2017-08-24', 'icon_pack_sp12_64.png'),
  ('EP04', 'Expansion Pack', 'Cats & Dogs',                 '2017-11-10', 'icon_pack_ep04_64.png'),
  ('SP13', 'Stuff Pack',     'Laundry Day',                 '2018-01-16', 'icon_pack_sp13_64.png'),
  ('GP06', 'Game Pack',      'Jungle Adventure',            '2018-02-27', 'icon_pack_gp06_64.png'),
  ('SP14', 'Stuff Pack',     'My First Pet',                '2018-03-13', 'icon_pack_sp14_64.png'),
  ('EP05', 'Expansion Pack', 'Seasons',                     '2018-06-22', 'icon_pack_ep05_64.png'),
  ('EP06', 'Expansion Pack', 'Get Famous',                  '2018-11-16', 'icon_pack_ep06_64.png'),
  ('GP07', 'Game Pack',      'StrangerVille',               '2019-02-26', 'icon_pack_gp07_64.png'),
  ('EP07', 'Expansion Pack', 'Island Living',               '2019-06-21', 'icon_pack_ep07_64.png'),
  ('SP15', 'Stuff Pack',     'Moschino',                    '2019-08-13', 'icon_pack_sp15_64.png'),
  ('GP08', 'Game Pack',      'Realm of Magic',              '2019-09-10', 'icon_pack_gp08_64.png'),
  ('EP08', 'Expansion Pack', 'Discover University',         '2019-11-15', 'icon_pack_ep08_64.png'),
  ('SP16', 'Stuff Pack',     'Tiny Living',                 '2020-01-21', 'icon_pack_sp16_64.png'),
  ('EP09', 'Expansion Pack', 'Eco Lifestyle',               '2020-06-05', 'icon_pack_ep09_64.png'),
  ('SP17', 'Stuff Pack',     'Nifty Knitting',              '2020-07-28', 'icon_pack_sp17_64.png'),
  ('GP09', 'Game Pack',      'Star Wars: Journey to Batuu', '2020-09-08', 'icon_pack_gp09_64.png'),
  ('EP10', 'Expansion Pack', 'Snowy Escape',                '2020-11-13', 'icon_pack_ep10_64.png'),
  ('SP18', 'Stuff Pack',     'Paranormal',                  '2021-01-26', 'icon_pack_sp18_64.png'),
  ('GP10', 'Game Pack',      'Dream Home Decorator',        '2021-06-01', 'icon_pack_gp10_64.png'),
  ('EP11', 'Expansion Pack', 'Cottage Living',              '2021-07-22', 'icon_pack_ep11_64.png'),
  ('GP11', 'Game Pack',      'My Wedding Stories',          '2022-02-23', 'icon_pack_gp11_64.png'),
  ('GP12', 'Game Pack',      'Werewolves',                  '2022-06-16', 'icon_pack_gp12_64.png'),
  ('EP13', 'Expansion Pack', 'Growing Together',            '2023-03-16', 'icon_pack_ep13_64.png'),
  ('EP14', 'Expansion Pack', 'Horse Ranch',                 '2023-07-21', 'icon_pack_ep14_64.png'),
  ('EP12', 'Expansion Pack', 'High School Years',           '2022-07-28', 'icon_pack_ep12_64.png'),
  ('SP46', 'Stuff Pack',     'Home Chef Hustle',            '2023-09-28', 'icon_pack_sp46_64.png'),
  ('SP49', 'Stuff Pack',     'Crystal Creations',           '2023-09-28', 'icon_pack_sp49_64.png'),
  ('EP15', 'Expansion Pack', 'For Rent',                    '2023-12-07', 'icon_pack_ep15_64.png'),
  ('EP16', 'Expansion Pack', 'Lovestruck',                  '2024-07-25', 'icon_pack_ep16_64.png'),
  ('EP17', 'Expansion Pack', 'Life & Death',                '2024-10-31', 'icon_pack_ep17_64.png'),
  ('EP18', 'Expansion Pack', 'Businesses & Hobbies',        '2025-03-06', 'icon_pack_ep18_64.png'),
  ('EP19', 'Expansion Pack', 'Enchanted by Nature',         '2025-07-10', 'icon_pack_ep19_64.png'),
  ('EP20', 'Expansion Pack', 'Adventure Awaits',            '2025-10-02', 'icon_pack_ep20_64.png');

/*
 * Seed data for The Sims 4 achievements, ordered by name
 */
insert into
  sims4.achievements (pack_code, name, description, points, type, icon )
values
  ('BASE', '''Til Death Do Us Part',                'Have a Sim die at their own wedding.',                                               100, 'Hidden',              'achievement_wellthatsinconvenient.png'          ),
  ('BASE', '50-Mile-High Club',                     'Successfully WooHoo in a Rocketship.',                                               10,  'Relationships',       'achievement_50milehighclub.png'                 ),
  ('EP01', 'Aliens Among Us',                       'Discover 10 Aliens in Disguise',                                                     50,  'Player Feats',        'headline_alien.png'                             ),
  ('BASE', 'All Nighter',                           'Have a Sim stay awake for 24 straight Sim hours.',                                   25,  'Sim Feats',           'achievement_allnighter.png'                     ),
  ('BASE', 'Alphabet Legacy',                       'Play a household for 26 generations or more.',                                       100, 'Player Feats',        'achievement_legacy.png'                         ),
  ('BASE', 'Are You Entertained?',                  'Have a Sim reach max level in the Entertainer career.',                              50,  'Career',              'achievement_areyounotentertained.png'           ),
  ('BASE', 'Aspirational',                          'Complete every Aspiration in The Sims 4.',                                           100, 'Hidden',              'achievement_aspirational.png'                   ),
  ('EP01', 'Autopsy-Turvy',                         'Perform surgery successfully on an Alien',                                           10,  'Hidden',              'headline_xray.png'                              ),
  ('BASE', 'Baby Boom',                             'Have 400 babies across all your Sims.',                                              50,  'Hidden',              'achievement_400babies.png'                      ),
  ('BASE', 'Basketcase',                            'Have a Sim get in and out of all primary emotional states within 24 Sim hours.',     100, 'Sim Feats',           'achievement_basketcase.png'                     ),
  ('BASE', 'Beyond Repairs',                        'Have a Sim reach max level in the Handiness skill.',                                 50,  'Skills & Crafting',   'achievement_beyondrepairs.png'                  ),
  ('BASE', 'Black Widow',                           'Have a Sim outlive five spouses.',                                                   25,  'Sim Feats',           'achievement_widowoffivesims.png'                ),
  ('BASE', 'Bow-dacious',                           'Have a Sim reach max level in the Violin skill.',                                    50,  'Skills & Crafting',   'achievement_bowdacious.png'                     ),
  ('BASE', 'Captain of Industry',                   'Have a Sim reach the max level in the Business career.',                             50,  'Career',              'career_business.png'                            ),
  ('EP01', 'Carried Away',                          'Have Sims be abducted by Aliens 3 times',                                            50,  'Player Feats',        'headline_abduction.png'                         ),
  ('BASE', 'Cast Away',                             'Have a Sim reach max level in the Fishing skill.',                                   50,  'Skills & Crafting',   'achievement_castaway.png'                       ),
  ('BASE', 'Channel Surfer',                        'Have a Sim listen to all radio stations and watch all TV channels.',                 10,  'Sim Feats',           'achievement_channelsurfer.png'                  ),
  ('EP01', 'Clued In',                              'Have a Sim reach max level in the Detective career',                                 50,  'Career',              'career_detective.png'                           ),
  ('BASE', 'Code Monk',                             'Have a Sim reach max level in the Programming skill.',                               50,  'Skills & Crafting',   'achievement_codemonk.png'                       ),
  ('BASE', 'Connoisseurus Rex',                     'Have a Sim reach max level in the Gourmet Cooking skill.',                           50,  'Skills & Crafting',   'achievement_connoisseurusrex.png'               ),
  ('GP01', 'Critter Catcher',                       'Collect all the insects and all the new fish in Granite Falls.',                     50,  'Wealth & Collecting', 'achievement_crittercatcher.png'                 ),
  ('EP01', 'Death of a Salesman',                   'Have a Sim die while running a store',                                               25,  'Hidden',              'achievement_hellodarknessmyoldfriend.png'       ),
  ('EP01', 'Double Life',                           'Have an Alien in disguise marry a Sim without them knowing their secret',            50,  'Sim Feats',           'achievement_doublelife.png'                     ),
  ('EP01', 'Down To A Science',                     'Have a Sim reach max level in the Scientist career',                                 50,  'Career',              'career_scientist.png'                           ),
  ('BASE', 'Elementary',                            'Have a Sim reach max level in the Logic skill.',                                     50,  'Skills & Crafting',   'achievement_elementary.png'                     ),
  ('BASE', 'Event Horizon',                         'Earn a Silver rating on 5 different social events.',                                 25,  'Player Feats',        'achievement_eventhorizon.png'                   ),
  ('BASE', 'Fired Up',                              'Have a Sim reach max level in the Fitness skill.',                                   50,  'Skills & Crafting',   'achievement_pumpedup.png'                       ),
  ('BASE', 'Flying Colors',                         'Have a Sim reach max level in the Painter career.',                                  50,  'Career',              'achievement_flyingcolors.png'                   ),
  ('BASE', 'For the Hoard!',                        'Complete all collections.',                                                          100, 'Wealth & Collecting', 'achievement_forthehoard.png'                    ),
  ('BASE', 'Full House',                            'Play with an eight-Sim household in The Sims 4.',                                    10,  'Player Feats',        'achievement_fullhouse.png'                      ),
  ('BASE', 'Games Within Games',                    'Have a Sim reach max level in the Video Gaming skill.',                              50,  'Skills & Crafting',   'achievement_gameswithingames.png'               ),
  ('BASE', 'Ghost Family',                          'Have a family of 8 playable Ghosts.',                                                100, 'Player Feats',        'achievement_ghost_family.png'                   ),
  ('BASE', 'Ghostly',                               'Have a Ghost in your household.',                                                    25,  'Player Feats',        'achievement_ghost.png'                          ),
  ('BASE', 'Green Thumb',                           'Have a Sim reach max level in the Gardening skill.',                                 50,  'Skills & Crafting',   'achievement_greenthumb.png'                     ),
  ('BASE', 'Harvested Interest',                    'Harvest from 50 wild plants in The Sims 4.',                                         25,  'Wealth & Collecting', 'achievement_harvestedinterest.png'              ),
  ('BASE', 'Hello, Darkness, My Old Chum',          'Have a Sim befriend the Grim Reaper.',                                               25,  'Relationships',       'achievement_hellodarknessmyoldfriend.png'       ),
  ('BASE', 'Honorary SimGuru',                      'Play the Sims 4 for 100 hours.',                                                     100, 'Player Feats',        'achievement_honorarysimguru.png'                ),
  ('BASE', 'Host with the Most',                    'Host 50 Bronze or better Social Events across all Sims.',                            100, 'Player Feats',        'achievement_hostwiththemost.png'                ),
  ('BASE', 'I, Spy',                                'Have a Sim reach max level in the Secret Agent career.',                             50,  'Career',              'achievement_ispy.png'                           ),
  ('BASE', 'I''ll get around to it!',               'Have 10 broken objects on a Sim''s lot',                                             10,  'Hidden',              'achievement_i''llgetaroundtoit.png'             ),
  ('BASE', 'I''m the Mix Master',                   'Mix 100 Drinks.',                                                                    25,  'Skills & Crafting',   'achievement_imthemixmaster.png'                 ),
  ('BASE', 'In the Game',                           'Play The Sims 4 for 24 hours.',                                                      50,  'Player Feats',        'achievement_inthegame.png'                      ),
  ('BASE', 'Introvert',                             'Have a Sim do nothing social for 24 Sim hours.',                                     25,  'Sim Feats',           'achievement_introvert.png'                      ),
  ('BASE', 'It''s Not Brain Surgery',               'Have a Sim reach max level in the Rocket Science Skill.',                            50,  'Skills & Crafting',   'achievement_notbrainsurgery.png'                ),
  ('BASE', 'Ivory Tower',                           'Have a Sim reach max level in the Piano skill.',                                     50,  'Skills & Crafting',   'achievement_ivorytower.png'                     ),
  ('BASE', 'Just Getting Started',                  'Play The Sims 4 for 5 hours.',                                                       25,  'Player Feats',        'achievement_justgettingstarted.png'             ),
  ('BASE', 'Knack of All Trades',                   'Reach max level in every career in The Sims 4.',                                     100, 'Career',              'achievement_knackofalltrades.png'               ),
  ('BASE', 'Knock, Knock...',                       'Visit 25 different Lots in The Sims 4.',                                             50,  'Player Feats',        'achievement_knockknock.png'                     ),
  ('BASE', 'Legacy Leader',                         'Have 10 households in the world that have been played for ten generations or more.', 100, 'Player Feats',        'achievement_legacy.png'                         ),
  ('BASE', 'Legacy Player',                         'Play a household for ten generations or more.',                                      100, 'Player Feats',        'achievement_legacy.png'                         ),
  ('BASE', 'Legendary Legacy',                      'Play a household for 100 generations or more.',                                      100, 'Player Feats',        'achievement_legacy.png'                         ),
  ('BASE', 'Literal Genius',                        'Have a Sim reach max level in the Writing skill.',                                   50,  'Skills & Crafting',   'achievement_literalgenius.png'                  ),
  ('BASE', 'Mael-strum',                            'Have a Sim reach max level in the Guitar skill.',                                    50,  'Skills & Crafting',   'achievement_maelstrum.png'                      ),
  ('BASE', 'Mischief Mastered',                     'Have a Sim reach max level in the Mischief skill.',                                  50,  'Skills & Crafting',   'achievement_mischief.png'                       ),
  ('BASE', 'My, You''ve Changed!',                  'Have a Sim become both max thin and fat within a lifetime.',                         25,  'Sim Feats',           'achievement_myyouvechanged.png'                 ),
  ('GP01', 'Nature''s Course',                      'Have a Sim reach the maximum level in the Herbalism skill.',                         50,  'Skills & Crafting',   'achievement_naturescourse.png'                  ),
  ('BASE', 'No Excuse',                             'Have a Sim''s bladder fail on a lot with 5 or more toilets.',                        10,  'Hidden',              'achievement_noexcuse.png'                       ),
  ('GP01', 'No Longer Solitary',                    'Bring a hermit back to society.',                                                    25,  'Hidden',              'achievement_nolongersolitary.png'               ),
  ('BASE', 'Old & Wiser',                           'Have a Sim age up.',                                                                 10,  'Sim Feats',           'achievement_olderandwiser.png'                  ),
  ('BASE', 'On a Whim',                             'Have a Sim complete 10 Whims at a single social event.',                             25,  'Sim Feats',           'achievement_onawhim.png'                        ),
  ('BASE', 'Over-Achiever',                         'Have a Sim complete 5 Aspirations.',                                                 100, 'Sim Feats',           'achievement_overachiever.png'                   ),
  ('EP01', 'Patients Are A Virtue',                 'Have a Sim reach max level in the Doctor career',                                    50,  'Career',              'career_doctor.png'                              ),
  ('SP10', 'Perfect Llama',                         'Have a Sim bowl a perfect 10 frame game of all strikes on the bowling lane.',        125, 'Sim Feats',           'headline_bowl_trophy.png'                       ),
  ('EP01', 'Picture Perfect',                       'Have a Sim reach max level in the Photography Skill',                                50,  'Skills & Crafting',   'skill_photography_skillbar.png'                 ),
  ('EP01', 'Piece of Cake!',                        'Have a Sim reach max level in the Baking Skill',                                     50,  'Skills & Crafting',   'skill_baking_skillbar.png'                      ),
  ('EP05', 'Polar Bear Club',                       'Have a Sim go for a swim while the weather is freezing.',                            25,  'Hidden',              'achievement_polarbearclub.png'                  ),
  ('BASE', 'Problem Child',                         'Have a Sim reach Level 10 Mischief skill as a teenager.',                            25,  'Hidden',              'achievement_problemchild.png'                   ),
  ('BASE', 'Refined Palette',                       'Have a Sim reach max level in the Painting skill.',                                  50,  'Skills & Crafting',   'achievement_refinedpalettes.png'                ),
  ('BASE', 'Rosebud',                               'Gain 1,000,000 Simoleons in a single Household.',                                    100, 'Wealth & Collecting', 'achievement_rosebud.png'                        ),
  ('BASE', 'Serial Monogamist',                     'Perform Marriages in 20 Unique Households.',                                         50,  'Relationships',       'achievement_serialmonogamist.png'               ),
  ('EP04', 'Simstagram Celebrity',                  'Gain 1500 Simstagram Followers',                                                     50,  'Player Feats',        'headline_petdogpaw.png'                         ),
  ('EP04', 'Simstagram Influencer',                 'Gain 250 Simstagram Followers',                                                      25,  'Player Feats',        'headline_petdogpaw.png'                         ),
  ('EP04', 'Simstagram Starter',                    'Gain 25 Simstagram Followers',                                                       25,  'Player Feats',        'headline_petdogpaw.png'                         ),
  ('BASE', 'Smooth Talker',                         'Have a Sim reach max level in the Charisma skill.',                                  50,  'Skills & Crafting',   'achievement_smoothtalker.png'                   ),
  ('BASE', 'So... I''ll call you?',                 'Have a Sim bladder fail while on a date.',                                           10,  'Hidden',              'achievement_soillcallyou.png'                   ),
  ('BASE', 'Speed Dating',                          'Have a Sim "first kiss" three times at a single social event.',                      25,  'Relationships',       'achievement_speeddating.png'                    ),
  ('BASE', 'Splice of Life',                        'Unlock a new plant type through grafting.',                                          25,  'Skills & Crafting',   'achievement_crossbreeding.png'                  ),
  ('BASE', 'Startup Upstart',                       'Have a Sim reach max level in the Tech Guru career.',                                50,  'Career',              'achievement_starupupstart.png'                  ),
  ('BASE', 'Stellar Work',                          'Have a Sim reach max level in the Astronaut career.',                                50,  'Career',              'achievement_stellarwork.png'                    ),
  ('BASE', 'Straight for the Jocular',              'Have a Sim reach max level in the Comedy skill.',                                    50,  'Skills & Crafting',   'achievement_straightforthejocular.png'          ),
  ('BASE', 'Suave Criminal',                        'Have a Sim reach max level in the Criminal career.',                                 50,  'Career',              'achievement_suavecriminal.png'                  ),
  ('BASE', 'Super Best Friends',                    'Make 20 BFFs with Non-Player Sims.',                                                 50,  'Relationships',       'achievement_forthealliance.png'                 ),
  ('GP01', 'Tastes Like Burning',                   'Have a Sim consume every type of toxic plant.',                                      25,  'Sim Feats',           'achievement_tasteslikeburning.png'              ),
  ('BASE', 'Tender Loving',                         'Have a Sim reach max level in the Mixology Skill.',                                  50,  'Skills & Crafting',   'achievement_lovemetender.png'                   ),
  ('BASE', 'The Circle of Life',                    'Play a Sim from birth to natural death.',                                            25,  'Sim Feats',           'achievement_mortalcoil.png'                     ),
  ('BASE', 'The Main Event',                        'Earn a Gold rating on 5 different social events.',                                   100, 'Player Feats',        'achievement_themainevent.png'                   ),
  ('BASE', 'The Most Interesting Sim in the World', 'Have a Sim with 12 or more Traits.',                                                 50,  'Sim Feats',           'achievement_themostinterestingsimintheworld.png'),
  ('BASE', 'The Pen is Mightier',                   'Have a Sim reach max level in the Writer career.',                                   50,  'Career',              'achievement_thepenismightier.png'               ),
  ('BASE', 'Triple Play',                           'Have a Sim give birth to triplets.',                                                 25,  'Sim Feats',           'achievement_trippleplay.png'                    ),
  ('BASE', 'Tungsten Chef',                         'Have a Sim reach max level in the Cooking skill.',                                   50,  'Skills & Crafting',   'achievement_tungstenchef.png'                   ),
  ('BASE', 'Up a Notch',                            'Have a Sim reach max level in the Culinary Career.',                                 50,  'Career',              'achievement_upanotch.png'                       ),
  ('BASE', 'Vengeful Deity',                        'Kill off 10 of your Sims via unnatural causes.',                                     25,  'Player Feats',        'achievement_vengefuldeity.png'                  ),
  ('EP01', 'Very Special Delivery',                 'Have a male Sim give birth to an Alien baby',                                        50,  'Sim Feats',           'achievement_alienbaby.png'                      ),
  ('EP03', 'View All Myshuno Meadows'' Sculptures', 'View all of Myshuno Meadows'' sculpture descriptions',                               25,  'Hidden',              'achievement_foundallstatues.png'                ),
  ('BASE', 'View to a Skill',                       'Reach max level in every skill in The Sims 4.',                                      100, 'Skills & Crafting',   'achievement_viewtoaskill.png'                   ),
  ('BASE', 'What Makes a Sim Turn Neutral?',        'Have a Sim stay in the Fine emotion for 48 straight Sim hours.',                     25,  'Hidden',              'achievement_whatmakesamanturnneutral.png'       ),
  ('BASE', 'What would it be like?',                'WooHoo with a ghost.',                                                               10,  'Sim Feats',           'achievement_woohoo_ghost.png'                   ),
  ('BASE', 'Whimsical',                             'Complete 100 Whims across all Sims.',                                                50,  'Player Feats',        'achievement_whimsical.png'                      ),
  ('BASE', 'Woohoo!',                               'WooHoo with 50 Unique Non-Player Sims.',                                             50,  'Relationships',       'achievement_gettingbusy.png'                    ),
  ('BASE', 'World Competitor',                      'Have a Sim reach max level in the Athletic career.',                                 50,  'Career',              'achievement_myyouvechanged.png'                 ),
  ('EP01', 'You-Reek-A',                            'Make a scientific breakthrough while taking a shower',                               10,  'Hidden',              'headline_uncomfortable_v3.png'                  );

/*
 * Seed data for The Sims 4 lot challenges, organized by name
 */
insert into
  sims4.lot_challenges (pack_code, name)
values
  ('GP06', 'Creepy Crawlies'     ),
  ('EP03', 'Cursed'              ),
  ('EP03', 'Filthy'              ),
  ('EP03', 'Gremlins'            ),
  ('EP03', 'Grody'               ),
  ('BASE', 'Heist Havoc'         ),
  ('EP15', 'Maintenance Troubles'),
  ('EP15', 'Mold'                ),
  ('BASE', 'Off-the-Grid'        ),
  ('EP03', 'Quake Zone'          ),
  ('EP09', 'Reduce and Recycle'  ),
  ('BASE', 'Scare Seeker'        ),
  ('EP11', 'Simple Living'       ),
  ('EP03', 'Spooky'              ),
  ('EP07', 'Volcanic Activity'   ),
  ('EP11', 'Wild Foxes'          ),
  ('EP14', 'Wild Prairie Grass'  );

/*
 * Seed data for The Sims 4 lot traits, ordered by name
 */
insert into
  sims4.lot_traits (pack_code, name)
values
  ('BASE', 'Bracing Breezes'        ),
  ('EP04', 'Breeding Grounds'       ),
  ('EP04', 'Cat Hangout'            ),
  ('EP06', 'Celebrity Home'         ),
  ('EP03', 'Chef''s Kitchen'        ),
  ('EP03', 'Child''s Play'          ),
  ('BASE', 'Convivial'              ),
  ('EP04', 'Dog Hangout'            ),
  ('EP09', 'Eco Lot'                ),
  ('EP19', 'Fairy Passage'          ),
  ('BASE', 'Fast Internet'          ),
  ('EP09', 'Geothermal'             ),
  ('EP03', 'Gnomes'                 ),
  ('EP03', 'Good Schools'           ),
  ('BASE', 'Great Acoustics'        ),
  ('EP03', 'Great Soil'             ),
  ('EP03', 'Home Studio'            ),
  ('BASE', 'Homey'                  ),
  ('EP07', 'Island Spirits'         ),
  ('EP03', 'Mean Vibe'              ),
  ('BASE', 'Natural Light'          ),
  ('EP09', 'Natural Well'           ),
  ('GP04', 'On A Dark Ley Line'     ),
  ('EP17', 'On Hallowed Grounds'    ),
  ('EP03', 'On Ley Line'            ),
  ('EP03', 'Party Place'            ),
  ('GP06', 'Peace and Quiet'        ),
  ('EP03', 'Penny Pixies'           ),
  ('BASE', 'Private Dwelling'       ),
  ('GP04', 'Registered Vampire Lair'),
  ('EP03', 'Romantic Aura'          ),
  ('BASE', 'Science Lair'           ),
  ('EP16', 'Singles Hangout'        ),
  ('EP08', 'Study Spot'             ),
  ('EP03', 'Sunny Aspect'           ),
  ('BASE', 'Teen Neighborhood'      ),
  ('EP04', 'Training Ground'        ),
  ('GP04', 'Vampire Nexus'          );

/*
 * Seed data for The Sims 4 worlds, ordered by name
 */
insert into
  sims4.worlds (pack_code, name, type)
values
  ('EP04', 'Brindleton Bay',     'Home World'       ),
  ('EP08', 'Britechester',       'Home World'       ),
  ('EP14', 'Chestnut Ridge',     'Home World'       ),
  ('EP16', 'Ciudad Enamorada',   'Home World'       ),
  ('EP12', 'Copperdale',         'Home World'       ),
  ('EP06', 'Del Sol Valley',     'Home World'       ),
  ('EP09', 'Evergreen Harbor',   'Home World'       ),
  ('GP04', 'Forgotten Hollow',   'Home World'       ),
  ('EP20', 'Gibbi Point',        'Home World'       ),
  ('GP08', 'Glimmerbrook',       'Home World'       ),
  ('BASE', 'Granite Falls',      'Destination World'),
  ('EP11', 'Henford-On-Bagley',  'Home World'       ),
  ('EP19', 'Innisgreen',         'Home World'       ),
  ('EP01', 'Magnolia Promenade', 'Home World'       ),
  ('GP12', 'Moonwood Mill',      'Home World'       ),
  ('EP10', 'Mt. Komorebi',       'Home World'       ),
  ('BASE', 'Newcrest',           'Home World'       ),
  ('EP18', 'Nordhaven',          'Home World'       ),
  ('BASE', 'Oasis Springs',      'Home World'       ),
  ('EP17', 'Ravenwood',          'Home World'       ),
  ('EP03', 'San Myshuno',        'Home World'       ),
  ('EP13', 'San Sequoia',        'Home World'       ),
  ('GP06', 'Selvadorada',        'Destination World'),
  ('GP07', 'StrangerVille',      'Home World'       ),
  ('EP07', 'Sulani',             'Home World'       ),
  ('GP11', 'Tartosa',            'Home World'       ),
  ('EP15', 'Tomarang',           'Home World'       ),
  ('BASE', 'Willow Creek',       'Home World'       ),
  ('EP02', 'Windenburg',         'Home World'       );